source_csv_row,DayNum,VehId,Trip,Timestamp(ms),Vehicle Speed[km/h],Fuel Rate[L/hr],fuel_use_L_per_100km
136150,227.721427213,119,985,0,42.0,22.75,54.166666666666664
136151,227.721427213,119,985,900,47.0,22.75,48.40425531914894
136152,227.721427213,119,985,1600,47.0,22.75,48.40425531914894
136153,227.721427213,119,985,2000,50.0,18.4500007629,36.9000015258
136154,227.721427213,119,985,3000,54.0,18.4500007629,34.16666807944444
136155,227.721427213,119,985,3600,54.0,18.4500007629,34.16666807944444
136156,227.721427213,119,985,4000,55.0,18.4500007629,33.54545593254545
136157,227.721427213,119,985,5600,55.0,18.4500007629,33.54545593254545
136158,227.721427213,119,985,5900,55.0,18.4500007629,33.54545593254545
136159,227.721427213,119,985,7000,55.0,6.25,11.363636363636363
136160,227.721427213,119,985,7600,55.0,6.25,11.363636363636363
136161,227.721427213,119,985,8200,56.0,6.25,11.160714285714286
136162,227.721427213,119,985,9000,56.0,6.25,11.160714285714286
136163,227.721427213,119,985,9200,57.0,6.25,10.964912280701755
136164,227.721427213,119,985,9600,57.0,6.25,10.964912280701755
136165,227.721427213,119,985,11300,59.0,6.25,10.59322033898305
136166,227.721427213,119,985,11600,59.0,6.25,10.59322033898305
136167,227.721427213,119,985,12000,59.0,8.10000038147,13.728814205881356
136168,227.721427213,119,985,12400,60.0,8.10000038147,13.500000635783334
136169,227.721427213,119,985,13400,61.0,8.10000038147,13.27868914995082
136170,227.721427213,119,985,13600,61.0,8.10000038147,13.27868914995082
136171,227.721427213,119,985,14400,63.0,8.10000038147,12.857143462650795
136172,227.721427213,119,985,15000,63.0,8.10000038147,12.857143462650795
136173,227.721427213,119,985,15500,66.0,8.10000038147,12.272727850712123
136174,227.721427213,119,985,15600,66.0,8.10000038147,12.272727850712123
136175,227.721427213,119,985,16500,68.0,8.10000038147,11.911765266867647
136176,227.721427213,119,985,17100,68.0,16.6000003815,24.411765266911765
136177,227.721427213,119,985,17600,71.0,16.6000003815,23.380282227464786
136178,227.721427213,119,985,18000,71.0,16.6000003815,23.380282227464786
136179,227.721427213,119,985,18600,74.0,16.6000003815,22.432432947972973
136180,227.721427213,119,985,19600,76.0,16.6000003815,21.842105765131578
136181,227.721427213,119,985,20700,77.0,16.6000003815,21.5584420538961
136182,227.721427213,119,985,20900,77.0,16.6000003815,21.5584420538961
136183,227.721427213,119,985,21600,77.0,16.6000003815,21.5584420538961
136184,227.721427213,119,985,21700,77.0,16.6000003815,21.5584420538961
136185,227.721427213,119,985,22100,77.0,0.0,0.0
136186,227.721427213,119,985,22800,76.0,0.0,0.0
136187,227.721427213,119,985,23700,76.0,0.0,0.0
136188,227.721427213,119,985,23900,75.0,0.0,0.0
136189,227.721427213,119,985,25000,74.0,0.0,0.0
136190,227.721427213,119,985,25100,74.0,0.0,0.0
136191,227.721427213,119,985,25700,74.0,0.0,0.0
136192,227.721427213,119,985,26000,72.0,0.0,0.0
136193,227.721427213,119,985,27100,71.0,0.0,0.0
136194,227.721427213,119,985,27700,71.0,0.0,0.0
136195,227.721427213,119,985,27900,71.0,0.0,0.0
136196,227.721427213,119,985,28100,70.0,0.0,0.0
136197,227.721427213,119,985,29200,69.0,0.0,0.0
136198,227.721427213,119,985,29700,69.0,0.0,0.0
136199,227.721427213,119,985,30200,67.0,0.0,0.0
136200,227.721427213,119,985,31000,67.0,0.0,0.0
136201,227.721427213,119,985,31200,66.0,0.0,0.0
136202,227.721427213,119,985,31700,66.0,0.0,0.0
136203,227.721427213,119,985,32200,66.0,3.20000004768,4.848484920727273
136204,227.721427213,119,985,32300,65.0,3.20000004768,4.923076996430769
136205,227.721427213,119,985,33700,65.0,3.20000004768,4.923076996430769
136206,227.721427213,119,985,34000,65.0,3.20000004768,4.923076996430769
136207,227.721427213,119,985,35700,65.0,3.20000004768,4.923076996430769
136208,227.721427213,119,985,36400,64.0,3.20000004768,5.0000000745
136209,227.721427213,119,985,37000,64.0,3.20000004768,5.0000000745
136210,227.721427213,119,985,37200,64.0,0.0,0.0
136211,227.721427213,119,985,37500,63.0,0.0,0.0
136212,227.721427213,119,985,37700,63.0,0.0,0.0
136213,227.721427213,119,985,38500,61.0,0.0,0.0
136214,227.721427213,119,985,39600,59.0,0.0,0.0
136215,227.721427213,119,985,39700,59.0,0.0,0.0
136216,227.721427213,119,985,40000,59.0,0.0,0.0
136217,227.721427213,119,985,40600,57.0,0.0,0.0
136218,227.721427213,119,985,41600,53.0,0.0,0.0
136219,227.721427213,119,985,41700,53.0,0.0,0.0
136220,227.721427213,119,985,42300,53.0,1.35000002384,2.547169856301887
136221,227.721427213,119,985,42700,51.0,1.35000002384,2.6470588702745097
136222,227.721427213,119,985,42900,51.0,1.35000002384,2.6470588702745097
136223,227.721427213,119,985,43700,50.0,1.35000002384,2.70000004768
136224,227.721427213,119,985,44800,49.0,1.35000002384,2.755102089469388
136225,227.721427213,119,985,45700,49.0,1.35000002384,2.755102089469388
136226,227.721427213,119,985,45800,48.0,1.35000002384,2.812500049666667
136227,227.721427213,119,985,46000,48.0,1.35000002384,2.812500049666667
136228,227.721427213,119,985,47300,48.0,1.20000004768,2.500000099333333
136229,227.721427213,119,985,47700,48.0,1.20000004768,2.500000099333333
136230,227.721427213,119,985,47900,42.0,1.20000004768,2.8571429706666667
136231,227.721427213,119,985,48900,37.0,1.20000004768,3.243243372108108
136232,227.721427213,119,985,49700,37.0,1.20000004768,3.243243372108108
136233,227.721427213,119,985,50000,31.0,1.20000004768,3.8709678957419356
136234,227.721427213,119,985,51000,25.0,1.20000004768,4.80000019072
136235,227.721427213,119,985,51700,25.0,1.20000004768,4.80000019072
136236,227.721427213,119,985,52000,18.0,1.20000004768,6.666666931555556
136237,227.721427213,119,985,52400,18.0,1.55000007153,8.611111508499999
136238,227.721427213,119,985,53100,9.0,1.55000007153,17.222223016999997
136239,227.721427213,119,985,53700,9.0,1.55000007153,17.222223016999997
136240,227.721427213,119,985,54100,4.0,1.55000007153,38.750001788249996
136241,227.721427213,119,985,54900,4.0,1.55000007153,38.750001788249996
136242,227.721427213,119,985,55700,4.0,1.55000007153,38.750001788249996
136243,227.721427213,119,985,56200,3.0,1.55000007153,51.66666905099999
136244,227.721427213,119,985,57300,2.0,1.55000007153,77.50000357649999
136245,227.721427213,119,985,57400,2.0,2.45000004768,122.50000238400001
136246,227.721427213,119,985,57800,2.0,2.45000004768,122.50000238400001
136247,227.721427213,119,985,58100,2.0,2.45000004768,122.50000238400001
136248,227.721427213,119,985,59400,1.0,2.45000004768,245.00000476800003
136249,227.721427213,119,985,59800,1.0,2.45000004768,245.00000476800003
136270,227.721427213,119,985,106600,4.0,2.45000004768,61.250001192000006
136271,227.721427213,119,985,106700,4.0,2.45000004768,61.250001192000006
136272,227.721427213,119,985,106900,4.0,2.10000014305,52.500003576249995
136273,227.721427213,119,985,107100,4.0,2.10000014305,52.500003576249995
136274,227.721427213,119,985,107600,6.0,2.10000014305,35.00000238416666
136275,227.721427213,119,985,108700,7.0,2.10000014305,30.000002043571424
136276,227.721427213,119,985,109000,7.0,2.10000014305,30.000002043571424
136277,227.721427213,119,985,109700,12.0,2.10000014305,17.50000119208333
136278,227.721427213,119,985,110700,12.0,2.10000014305,17.50000119208333
136279,227.721427213,119,985,110800,16.0,2.10000014305,13.125000894062499
136280,227.721427213,119,985,111800,20.0,2.10000014305,10.50000071525
136281,227.721427213,119,985,112000,20.0,9.05000019073,45.25000095365
136282,227.721427213,119,985,112700,20.0,9.05000019073,45.25000095365
136283,227.721427213,119,985,112800,23.0,9.05000019073,39.34782691621739
136284,227.721427213,119,985,113900,27.0,9.05000019073,33.518519224925925
136285,227.721427213,119,985,114700,27.0,9.05000019073,33.518519224925925
136286,227.721427213,119,985,114900,29.0,9.05000019073,31.206897209413793
136287,227.721427213,119,985,115000,29.0,9.05000019073,31.206897209413793
136288,227.721427213,119,985,116000,31.0,9.05000019073,29.19354900235484
136289,227.721427213,119,985,116700,31.0,9.05000019073,29.19354900235484
136290,227.721427213,119,985,117000,31.0,0.650000035763,2.096774308912903
136291,227.721427213,119,985,118000,31.0,0.650000035763,2.096774308912903
136292,227.721427213,119,985,118700,31.0,0.650000035763,2.096774308912903
136293,227.721427213,119,985,120700,31.0,0.650000035763,2.096774308912903
136294,227.721427213,119,985,120900,31.0,0.650000035763,2.096774308912903
136295,227.721427213,119,985,121200,32.0,0.650000035763,2.031250111759375
136296,227.721427213,119,985,122700,32.0,0.650000035763,2.031250111759375
136297,227.721427213,119,985,124000,32.0,0.650000035763,2.031250111759375
136298,227.721427213,119,985,124700,32.0,0.650000035763,2.031250111759375
136299,227.721427213,119,985,127100,32.0,0.650000035763,2.031250111759375
136300,227.721427213,119,985,128800,32.0,0.650000035763,2.031250111759375
136301,227.721427213,119,985,129600,31.0,0.650000035763,2.096774308912903
136302,227.721427213,119,985,130100,31.0,0.650000035763,2.096774308912903
136303,227.721427213,119,985,130700,28.0,0.650000035763,2.3214286991535715
136304,227.721427213,119,985,130800,28.0,0.650000035763,2.3214286991535715
136305,227.721427213,119,985,131700,26.0,0.650000035763,2.5000001375500003
136306,227.721427213,119,985,132100,26.0,1.0,3.8461538461538463
136307,227.721427213,119,985,132800,22.0,1.0,4.545454545454546
136308,227.721427213,119,985,133800,17.0,1.0,5.882352941176471
136309,227.721427213,119,985,133900,17.0,1.0,5.882352941176471
136310,227.721427213,119,985,134800,11.0,1.0,9.090909090909092
136311,227.721427213,119,985,135900,6.0,1.0,16.666666666666668
136312,227.721427213,119,985,136800,6.0,1.0,16.666666666666668
136313,227.721427213,119,985,136900,4.0,1.0,25.0
136314,227.721427213,119,985,137200,4.0,2.29999995232,57.499998807999994
136315,227.721427213,119,985,138000,3.0,2.29999995232,76.66666507733332
136316,227.721427213,119,985,138800,3.0,2.29999995232,76.66666507733332
136317,227.721427213,119,985,139000,1.0,2.29999995232,229.99999523199997
136325,227.721427213,119,985,144200,1.0,2.45000004768,245.00000476800003
136326,227.721427213,119,985,145200,2.0,2.45000004768,122.50000238400001
136327,227.721427213,119,985,146200,3.0,2.45000004768,81.66666825600001
136328,227.721427213,119,985,146900,3.0,2.45000004768,81.66666825600001
136329,227.721427213,119,985,147200,5.0,2.45000004768,49.00000095360001
136330,227.721427213,119,985,148200,5.0,2.45000004768,49.00000095360001
136331,227.721427213,119,985,148300,6.0,2.45000004768,40.833334128000004
136332,227.721427213,119,985,149300,7.0,2.45000004768,35.00000068114286
136333,227.721427213,119,985,149500,7.0,7.2000002861,102.8571469442857
136334,227.721427213,119,985,150000,7.0,7.2000002861,102.8571469442857
136335,227.721427213,119,985,150200,7.0,7.2000002861,102.8571469442857
136336,227.721427213,119,985,150400,11.0,7.2000002861,65.45454805545454
136337,227.721427213,119,985,151400,15.0,7.2000002861,48.00000190733333
136338,227.721427213,119,985,152200,15.0,7.2000002861,48.00000190733333
136339,227.721427213,119,985,152400,18.0,7.2000002861,40.000001589444445
136340,227.721427213,119,985,153000,18.0,7.2000002861,40.000001589444445
136341,227.721427213,119,985,153500,21.0,7.2000002861,34.285715648095234
136342,227.721427213,119,985,154200,21.0,7.2000002861,34.285715648095234
136343,227.721427213,119,985,154500,24.0,7.84999990463,32.70833293595833
136344,227.721427213,119,985,155600,26.0,7.84999990463,30.1923073255
136345,227.721427213,119,985,156000,26.0,7.84999990463,30.1923073255
136346,227.721427213,119,985,156200,26.0,7.84999990463,30.1923073255
136347,227.721427213,119,985,156600,29.0,7.84999990463,27.068965188379313
136348,227.721427213,119,985,157600,30.0,7.84999990463,26.166666348766668
136349,227.721427213,119,985,158200,30.0,7.84999990463,26.166666348766668
136350,227.721427213,119,985,158700,33.0,7.84999990463,23.78787849887879
136351,227.721427213,119,985,159000,33.0,7.84999990463,23.78787849887879
136352,227.721427213,119,985,159600,33.0,2.25,6.818181818181818
136353,227.721427213,119,985,159700,35.0,2.25,6.428571428571429
136354,227.721427213,119,985,160200,35.0,2.25,6.428571428571429
136355,227.721427213,119,985,162000,35.0,2.25,6.428571428571429
136356,227.721427213,119,985,162300,35.0,2.25,6.428571428571429
136357,227.721427213,119,985,164300,35.0,2.25,6.428571428571429
136358,227.721427213,119,985,164600,35.0,0.850000023842,2.4285714966914287
136359,227.721427213,119,985,165000,35.0,0.850000023842,2.4285714966914287
136360,227.721427213,119,985,166000,34.0,0.850000023842,2.5000000701235296
136361,227.721427213,119,985,167900,34.0,0.850000023842,2.5000000701235296
136362,227.721427213,119,985,168100,35.0,0.850000023842,2.4285714966914287
136363,227.721427213,119,985,168400,35.0,0.850000023842,2.4285714966914287
136364,227.721427213,119,985,169200,38.0,0.850000023842,2.2368421680052633
136365,227.721427213,119,985,169600,38.0,7.4500002861,19.60526391078947
136366,227.721427213,119,985,170200,40.0,7.4500002861,18.62500071525
136367,227.721427213,119,985,170400,40.0,7.4500002861,18.62500071525
136368,227.721427213,119,985,170900,40.0,7.4500002861,18.62500071525
136369,227.721427213,119,985,172300,42.0,7.4500002861,17.738095919285712
136370,227.721427213,119,985,172400,42.0,7.4500002861,17.738095919285712
136371,227.721427213,119,985,173300,46.0,7.4500002861,16.195652795869563
136372,227.721427213,119,985,174000,46.0,7.4500002861,16.195652795869563
136373,227.721427213,119,985,174100,46.0,7.4500002861,16.195652795869563
136374,227.721427213,119,985,174400,59.0,7.4500002861,12.62711912898305
136375,227.721427213,119,985,174600,59.0,69.0999984741,117.11864148152543
136376,227.721427213,119,985,175400,69.0,69.0999984741,100.14492532478262
136377,227.721427213,119,985,176400,69.0,69.0999984741,100.14492532478262
136378,227.721427213,119,985,176900,69.0,69.0999984741,100.14492532478262
136379,227.721427213,119,985,178400,69.0,69.0999984741,100.14492532478262
136380,227.721427213,119,985,178500,68.0,69.0999984741,101.61764481485295
136381,227.721427213,119,985,179600,68.0,1.70000004768,2.500000070117647
136382,227.721427213,119,985,180000,68.0,1.70000004768,2.500000070117647
136383,227.721427213,119,985,180400,68.0,1.70000004768,2.500000070117647
136384,227.721427213,119,985,180600,67.0,1.70000004768,2.537313504
136385,227.721427213,119,985,181600,66.0,1.70000004768,2.5757576479999997
136386,227.721427213,119,985,182400,66.0,1.70000004768,2.5757576479999997
136387,227.721427213,119,985,182700,65.0,1.70000004768,2.6153846887384615
136388,227.721427213,119,985,183000,65.0,1.70000004768,2.6153846887384615
136389,227.721427213,119,985,183700,62.0,1.70000004768,2.7419355607741935
136390,227.721427213,119,985,184400,62.0,1.70000004768,2.7419355607741935
136391,227.721427213,119,985,184700,62.0,0.0,0.0
136392,227.721427213,119,985,184800,58.0,0.0,0.0
136393,227.721427213,119,985,185800,55.0,0.0,0.0
136394,227.721427213,119,985,186000,55.0,0.0,0.0
136395,227.721427213,119,985,186400,55.0,0.0,0.0
136396,227.721427213,119,985,186800,51.0,0.0,0.0
136397,227.721427213,119,985,187900,49.0,0.0,0.0
136398,227.721427213,119,985,188400,49.0,0.0,0.0
136399,227.721427213,119,985,188900,47.0,0.0,0.0
136400,227.721427213,119,985,189700,47.0,10.1000003815,21.489362513829786
136401,227.721427213,119,985,190000,46.0,10.1000003815,21.95652256847826
136402,227.721427213,119,985,190400,46.0,10.1000003815,21.95652256847826
136403,227.721427213,119,985,192000,45.0,10.1000003815,22.44444529222222
136404,227.721427213,119,985,192400,45.0,10.1000003815,22.44444529222222
136405,227.721427213,119,985,194100,46.0,10.1000003815,21.95652256847826
136406,227.721427213,119,985,194400,46.0,10.1000003815,21.95652256847826
136407,227.721427213,119,985,194800,46.0,13.25,28.804347826086957
136408,227.721427213,119,985,195000,46.0,13.25,28.804347826086957
136409,227.721427213,119,985,196400,46.0,13.25,28.804347826086957
136410,227.721427213,119,985,197300,47.0,13.25,28.19148936170213
136411,227.721427213,119,985,198000,47.0,13.25,28.19148936170213
136412,227.721427213,119,985,198400,47.0,13.25,28.19148936170213
136413,227.721427213,119,985,199500,48.0,13.25,27.604166666666668
136414,227.721427213,119,985,199800,48.0,11.6000003815,24.16666746145833
136415,227.721427213,119,985,200400,48.0,11.6000003815,24.16666746145833
136416,227.721427213,119,985,201600,50.0,11.6000003815,23.200000763
136417,227.721427213,119,985,202000,50.0,11.6000003815,23.200000763
136418,227.721427213,119,985,202400,50.0,11.6000003815,23.200000763
136419,227.721427213,119,985,203600,48.0,11.6000003815,24.16666746145833
136420,227.721427213,119,985,204400,48.0,11.6000003815,24.16666746145833
136421,227.721427213,119,985,204700,46.0,11.6000003815,25.21739213369565
136422,227.721427213,119,985,204800,46.0,0.550000011921,1.195652199828261
136423,227.721427213,119,985,205000,46.0,0.550000011921,1.195652199828261
136424,227.721427213,119,985,205700,44.0,0.550000011921,1.250000027093182
136425,227.721427213,119,985,206400,44.0,0.550000011921,1.250000027093182
136426,227.721427213,119,985,206800,43.0,0.550000011921,1.2790697951651162
136427,227.721427213,119,985,207800,42.0,0.550000011921,1.3095238379071428
136428,227.721427213,119,985,208000,42.0,0.550000011921,1.3095238379071428
136429,227.721427213,119,985,208400,42.0,0.550000011921,1.3095238379071428
136430,227.721427213,119,985,208800,41.0,0.550000011921,1.3414634437097561
136431,227.721427213,119,985,209900,40.0,1.70000004768,4.2500001192
136432,227.721427213,119,985,210400,40.0,1.70000004768,4.2500001192
136433,227.721427213,119,985,210900,39.0,1.70000004768,4.358974481230769
136434,227.721427213,119,985,211000,39.0,1.70000004768,4.358974481230769
136435,227.721427213,119,985,212400,39.0,1.70000004768,4.358974481230769
136436,227.721427213,119,985,213000,40.0,1.70000004768,4.2500001192
136437,227.721427213,119,985,214000,43.0,1.70000004768,3.953488482976744
136438,227.721427213,119,985,214400,43.0,1.70000004768,3.953488482976744
136439,227.721427213,119,985,214900,43.0,10.8000001907,25.116279513255815
136440,227.721427213,119,985,215100,46.0,10.8000001907,23.478261284130436
136441,227.721427213,119,985,216100,47.0,10.8000001907,22.97872381
136442,227.721427213,119,985,216400,47.0,10.8000001907,22.97872381
136443,227.721427213,119,985,216900,47.0,10.8000001907,22.97872381
136444,227.721427213,119,985,217200,48.0,10.8000001907,22.500000397291668
136445,227.721427213,119,985,218200,47.0,10.8000001907,22.97872381
136446,227.721427213,119,985,218400,47.0,10.8000001907,22.97872381
136447,227.721427213,119,985,220000,47.0,1.75,3.723404255319149
136448,227.721427213,119,985,220400,47.0,1.75,3.723404255319149
136449,227.721427213,119,985,221300,50.0,1.75,3.5
136450,227.721427213,119,985,222400,53.0,1.75,3.30188679245283
136451,227.721427213,119,985,222900,53.0,1.75,3.30188679245283
136452,227.721427213,119,985,223400,58.0,1.75,3.0172413793103448
136453,227.721427213,119,985,224400,63.0,1.75,2.7777777777777777
136454,227.721427213,119,985,225000,63.0,21.1000003815,33.49206409761904
136455,227.721427213,119,985,225500,66.0,21.1000003815,31.96969754772727
136456,227.721427213,119,985,226000,66.0,21.1000003815,31.96969754772727
136457,227.721427213,119,985,226400,66.0,21.1000003815,31.96969754772727
136458,227.721427213,119,985,226500,69.0,21.1000003815,30.579710697826087
136459,227.721427213,119,985,227600,72.0,21.1000003815,29.305556085416665
136460,227.721427213,119,985,228400,72.0,21.1000003815,29.305556085416665
136461,227.721427213,119,985,228600,73.0,21.1000003815,28.904110111643835
136462,227.721427213,119,985,229000,73.0,21.1000003815,28.904110111643835
136463,227.721427213,119,985,229600,72.0,21.1000003815,29.305556085416665
136464,227.721427213,119,985,230100,72.0,0.0,0.0
136465,227.721427213,119,985,230400,72.0,0.0,0.0
136466,227.721427213,119,985,231800,71.0,0.0,0.0
136467,227.721427213,119,985,232100,71.0,0.0,0.0
136468,227.721427213,119,985,232500,71.0,0.0,0.0
136469,227.721427213,119,985,233900,70.0,0.0,0.0
136470,227.721427213,119,985,234500,70.0,0.0,0.0
136471,227.721427213,119,985,234900,69.0,0.0,0.0
136472,227.721427213,119,985,235000,69.0,0.0,0.0
136473,227.721427213,119,985,236000,68.0,0.0,0.0
136474,227.721427213,119,985,236500,68.0,0.0,0.0
136475,227.721427213,119,985,237000,67.0,0.0,0.0
136476,227.721427213,119,985,238000,66.0,0.0,0.0
136477,227.721427213,119,985,238500,66.0,0.0,0.0
136478,227.721427213,119,985,239100,65.0,0.0,0.0
136479,227.721427213,119,985,240100,63.0,0.0,0.0
136480,227.721427213,119,985,240500,63.0,0.0,0.0
136481,227.721427213,119,985,240900,63.0,0.0,0.0
136482,227.721427213,119,985,241200,61.0,0.0,0.0
136483,227.721427213,119,985,242200,54.0,0.0,0.0
136484,227.721427213,119,985,242500,54.0,0.0,0.0
136485,227.721427213,119,985,243200,49.0,0.0,0.0
136486,227.721427213,119,985,244000,49.0,0.0,0.0
136487,227.721427213,119,985,244300,42.0,0.0,0.0
136488,227.721427213,119,985,244500,42.0,0.0,0.0
136489,227.721427213,119,985,245200,42.0,0.75,1.7857142857142858
136490,227.721427213,119,985,245300,34.0,0.75,2.2058823529411766
136491,227.721427213,119,985,246400,26.0,0.75,2.8846153846153846
136492,227.721427213,119,985,246500,26.0,0.75,2.8846153846153846
136493,227.721427213,119,985,247000,26.0,0.75,2.8846153846153846
136494,227.721427213,119,985,247400,18.0,0.75,4.166666666666667
136495,227.721427213,119,985,248400,13.0,0.75,5.769230769230769
136496,227.721427213,119,985,248500,13.0,0.75,5.769230769230769
136497,227.721427213,119,985,249500,9.0,0.75,8.333333333333334
136498,227.721427213,119,985,250000,9.0,0.75,8.333333333333334
136499,227.721427213,119,985,250200,9.0,1.5,16.666666666666668
136500,227.721427213,119,985,250500,6.0,1.5,25.0
136501,227.721427213,119,985,251600,4.0,1.5,37.5
136502,227.721427213,119,985,252500,4.0,1.5,37.5
136503,227.721427213,119,985,252600,2.0,1.5,75.0
136521,227.721427213,119,985,290600,2.0,2.40000009537,120.00000476849999
136522,227.721427213,119,985,290700,2.0,2.40000009537,120.00000476849999
136523,227.721427213,119,985,291100,2.0,2.40000009537,120.00000476849999
136524,227.721427213,119,985,291600,3.0,2.40000009537,80.00000317899999
136525,227.721427213,119,985,292700,5.0,2.40000009537,48.0000019074
136526,227.721427213,119,985,292900,5.0,2.40000009537,48.0000019074
136527,227.721427213,119,985,293700,8.0,2.40000009537,30.000001192124998
136528,227.721427213,119,985,294700,8.0,2.40000009537,30.000001192124998
136529,227.721427213,119,985,294800,13.0,2.40000009537,18.461539195153843
136530,227.721427213,119,985,295800,16.0,2.40000009537,15.000000596062499
136531,227.721427213,119,985,296000,16.0,10.8000001907,67.500001191875
136532,227.721427213,119,985,296700,16.0,10.8000001907,67.500001191875
136533,227.721427213,119,985,296800,18.0,10.8000001907,60.00000105944444
136534,227.721427213,119,985,297900,17.0,10.8000001907,63.52941288647059
136535,227.721427213,119,985,298700,17.0,10.8000001907,63.52941288647059
136536,227.721427213,119,985,298900,18.0,10.8000001907,60.00000105944444
136537,227.721427213,119,985,299900,17.0,10.8000001907,63.52941288647059
136538,227.721427213,119,985,300800,17.0,10.8000001907,63.52941288647059
136539,227.721427213,119,985,301000,18.0,3.85000014305,21.38888968361111
136540,227.721427213,119,985,302800,18.0,3.85000014305,21.38888968361111
136541,227.721427213,119,985,302900,18.0,3.85000014305,21.38888968361111
136542,227.721427213,119,985,303200,19.0,3.85000014305,20.263158647631577
136543,227.721427213,119,985,304200,20.0,3.85000014305,19.25000071525
136544,227.721427213,119,985,304800,20.0,3.85000014305,19.25000071525
136545,227.721427213,119,985,306000,20.0,4.15000009537,20.75000047685
136546,227.721427213,119,985,306800,20.0,4.15000009537,20.75000047685
136547,227.721427213,119,985,308000,20.0,4.15000009537,20.75000047685
136548,227.721427213,119,985,308800,20.0,4.15000009537,20.75000047685
136549,227.721427213,119,985,309400,21.0,4.15000009537,19.76190521604762
136550,227.721427213,119,985,310800,21.0,4.15000009537,19.76190521604762
136551,227.721427213,119,985,311000,21.0,4.15000009537,19.76190521604762
136552,227.721427213,119,985,311100,21.0,3.15000009537,15.000000454142857
136553,227.721427213,119,985,312800,21.0,3.15000009537,15.000000454142857
136554,227.721427213,119,985,314000,21.0,3.15000009537,15.000000454142857
136555,227.721427213,119,985,314600,22.0,3.15000009537,14.318182251681817
136556,227.721427213,119,985,314800,22.0,3.15000009537,14.318182251681817
136557,227.721427213,119,985,315600,25.0,3.15000009537,12.60000038148
136558,227.721427213,119,985,316100,25.0,21.0500011444,84.2000045776
136559,227.721427213,119,985,316600,29.0,21.0500011444,72.58621084275862
136560,227.721427213,119,985,316900,29.0,21.0500011444,72.58621084275862
136561,227.721427213,119,985,317700,35.0,21.0500011444,60.14286041257142
136562,227.721427213,119,985,318000,35.0,21.0500011444,60.14286041257142
136563,227.721427213,119,985,318700,41.0,21.0500011444,51.341466205853656
136564,227.721427213,119,985,318900,41.0,21.0500011444,51.341466205853656
136565,227.721427213,119,985,319800,46.0,21.0500011444,45.76087205304348
136566,227.721427213,119,985,320700,46.0,21.0500011444,45.76087205304348
136567,227.721427213,119,985,320800,49.0,21.0500011444,42.959186008979586
136568,227.721427213,119,985,320900,49.0,21.0500011444,42.959186008979586
136569,227.721427213,119,985,321000,49.0,21.0500011444,42.959186008979586
136570,227.721427213,119,985,321100,49.0,14.6500005722,29.89796035142857
136571,227.721427213,119,985,321800,50.0,14.6500005722,29.3000011444
136572,227.721427213,119,985,322900,50.0,14.6500005722,29.3000011444
136573,227.721427213,119,985,323900,49.0,14.6500005722,29.89796035142857
136574,227.721427213,119,985,324900,49.0,14.6500005722,29.89796035142857
136575,227.721427213,119,985,325000,48.0,14.6500005722,30.520834525416664
136576,227.721427213,119,985,326200,48.0,7.5,15.625
136577,227.721427213,119,985,326900,48.0,7.5,15.625
136578,227.721427213,119,985,327000,49.0,7.5,15.306122448979592
136579,227.721427213,119,985,328900,49.0,7.5,15.306122448979592
136580,227.721427213,119,985,329100,50.0,7.5,15.0
136581,227.721427213,119,985,329900,50.0,7.5,15.0
136582,227.721427213,119,985,330200,51.0,7.5,14.705882352941176
136583,227.721427213,119,985,330900,51.0,7.5,14.705882352941176
136584,227.721427213,119,985,331200,54.0,24.7000007629,45.74074215351852
136585,227.721427213,119,985,332200,58.0,24.7000007629,42.58620821189655
136586,227.721427213,119,985,332900,58.0,24.7000007629,42.58620821189655
136587,227.721427213,119,985,333000,58.0,24.7000007629,42.58620821189655
136588,227.721427213,119,985,333300,62.0,24.7000007629,39.83871090790323
136589,227.721427213,119,985,334300,63.0,24.7000007629,39.206350417301586
136590,227.721427213,119,985,334900,63.0,24.7000007629,39.206350417301586
136591,227.721427213,119,985,335400,66.0,24.7000007629,37.42424358015151
136592,227.721427213,119,985,336000,66.0,24.7000007629,37.42424358015151
136593,227.721427213,119,985,336200,66.0,37.0499992371,56.13636248045455
136594,227.721427213,119,985,336500,73.0,37.0499992371,50.75342361246576
136595,227.721427213,119,985,337000,73.0,37.0499992371,50.75342361246576
136596,227.721427213,119,985,337600,78.0,37.0499992371,47.49999902192308
136597,227.721427213,119,985,339000,78.0,37.0499992371,47.49999902192308
136598,227.721427213,119,985,339700,77.0,37.0499992371,48.1168821261039
136599,227.721427213,119,985,340700,76.0,37.0499992371,48.74999899618422
136600,227.721427213,119,985,341000,76.0,37.0499992371,48.74999899618422
136601,227.721427213,119,985,341300,76.0,1.35000002384,1.7763158208421053
136602,227.721427213,119,985,341800,75.0,1.35000002384,1.8000000317866667
136603,227.721427213,119,985,342000,75.0,1.35000002384,1.8000000317866667
136604,227.721427213,119,985,342800,73.0,1.35000002384,1.849315101150685
136605,227.721427213,119,985,343000,73.0,1.35000002384,1.849315101150685
136606,227.721427213,119,985,343800,72.0,1.35000002384,1.8750000331111112
136607,227.721427213,119,985,344900,71.0,1.35000002384,1.90140848428169
136608,227.721427213,119,985,345000,71.0,1.35000002384,1.90140848428169
136609,227.721427213,119,985,345900,69.0,1.35000002384,1.9565217736811593
136610,227.721427213,119,985,346300,69.0,0.0,0.0
136611,227.721427213,119,985,347000,67.0,0.0,0.0
136612,227.721427213,119,985,348000,66.0,0.0,0.0
136613,227.721427213,119,985,349000,65.0,0.0,0.0
136614,227.721427213,119,985,350100,64.0,0.0,0.0
136615,227.721427213,119,985,351000,64.0,0.0,0.0
136616,227.721427213,119,985,351100,62.0,0.0,0.0
136617,227.721427213,119,985,352200,61.0,0.0,0.0
136618,227.721427213,119,985,353000,61.0,0.0,0.0
136619,227.721427213,119,985,353200,59.0,0.0,0.0
136620,227.721427213,119,985,354000,59.0,0.0,0.0
136621,227.721427213,119,985,354200,57.0,0.0,0.0
136622,227.721427213,119,985,355000,57.0,0.0,0.0
136623,227.721427213,119,985,355300,55.0,0.0,0.0
136624,227.721427213,119,985,356300,53.0,0.0,0.0
136625,227.721427213,119,985,356900,53.0,0.0,0.0
136626,227.721427213,119,985,357000,53.0,0.0,0.0
136627,227.721427213,119,985,357400,51.0,0.0,0.0
136628,227.721427213,119,985,358400,49.0,0.0,0.0
136629,227.721427213,119,985,359000,49.0,0.0,0.0
136630,227.721427213,119,985,359400,47.0,0.0,0.0
136631,227.721427213,119,985,359900,47.0,0.0,0.0
136632,227.721427213,119,985,360500,45.0,0.0,0.0
136633,227.721427213,119,985,361000,45.0,0.0,0.0
136634,227.721427213,119,985,361400,45.0,1.05000007153,2.333333492288889
136635,227.721427213,119,985,361500,44.0,1.05000007153,2.3863637989318183
136636,227.721427213,119,985,362600,42.0,1.05000007153,2.500000170309524
136637,227.721427213,119,985,363000,42.0,1.05000007153,2.500000170309524
136638,227.721427213,119,985,363600,40.0,1.05000007153,2.625000178825
136639,227.721427213,119,985,364600,39.0,1.05000007153,2.692307875717949
136640,227.721427213,119,985,365000,39.0,1.05000007153,2.692307875717949
136641,227.721427213,119,985,365700,37.0,1.05000007153,2.8378380311621623
136642,227.721427213,119,985,365900,37.0,1.05000007153,2.8378380311621623
136643,227.721427213,119,985,366500,37.0,0.75,2.027027027027027
136644,227.721427213,119,985,366700,36.0,0.75,2.0833333333333335
136645,227.721427213,119,985,367000,36.0,0.75,2.0833333333333335
136646,227.721427213,119,985,367800,34.0,0.75,2.2058823529411766
136647,227.721427213,119,985,368800,31.0,0.75,2.4193548387096775
136648,227.721427213,119,985,369000,31.0,0.75,2.4193548387096775
136649,227.721427213,119,985,369800,28.0,0.75,2.6785714285714284
136650,227.721427213,119,985,370900,25.0,0.75,3.0
136651,227.721427213,119,985,371000,25.0,0.75,3.0
136652,227.721427213,119,985,371500,25.0,1.05000007153,4.20000028612
136653,227.721427213,119,985,372000,22.0,1.05000007153,4.7727275978636365
136654,227.721427213,119,985,372100,22.0,1.05000007153,4.7727275978636365
136655,227.721427213,119,985,373100,19.0,1.05000007153,5.526316165947368
136656,227.721427213,119,985,374100,17.0,1.05000007153,6.176471009
136657,227.721427213,119,985,375100,14.0,1.05000007153,7.5000005109285715
136658,227.721427213,119,985,375900,14.0,1.05000007153,7.5000005109285715
136659,227.721427213,119,985,376200,12.0,1.05000007153,8.750000596083334
136660,227.721427213,119,985,376600,12.0,1.45000004768,12.083333730666666
136661,227.721427213,119,985,377100,12.0,1.45000004768,12.083333730666666
136662,227.721427213,119,985,377200,10.0,1.45000004768,14.5000004768
136663,227.721427213,119,985,378200,9.0,1.45000004768,16.11111164088889
136664,227.721427213,119,985,379000,9.0,1.45000004768,16.11111164088889
136665,227.721427213,119,985,379100,9.0,1.45000004768,16.11111164088889
136666,227.721427213,119,985,379300,7.0,1.45000004768,20.71428639542857
136667,227.721427213,119,985,380300,5.0,1.45000004768,29.0000009536
136668,227.721427213,119,985,381100,5.0,1.45000004768,29.0000009536
136669,227.721427213,119,985,381400,4.0,1.45000004768,36.250001192
136670,227.721427213,119,985,381600,4.0,2.29999995232,57.499998807999994
136671,227.721427213,119,985,382000,4.0,2.29999995232,57.499998807999994
136672,227.721427213,119,985,382400,2.0,2.29999995232,114.99999761599999
136689,227.721427213,119,985,417200,3.0,2.35000014305,78.33333810166666
136690,227.721427213,119,985,417500,3.0,2.25,75.0
136691,227.721427213,119,985,417600,3.0,2.25,75.0
136692,227.721427213,119,985,418200,4.0,2.25,56.25
136693,227.721427213,119,985,419200,5.0,2.25,45.0
136694,227.721427213,119,985,420000,5.0,2.25,45.0
136695,227.721427213,119,985,420200,7.0,2.25,32.142857142857146
136696,227.721427213,119,985,421200,7.0,2.25,32.142857142857146
136697,227.721427213,119,985,421300,14.0,2.25,16.071428571428573
136698,227.721427213,119,985,422300,21.0,2.25,10.714285714285714
136699,227.721427213,119,985,422500,21.0,34.75,165.47619047619048
136700,227.721427213,119,985,423000,21.0,34.75,165.47619047619048
136701,227.721427213,119,985,423200,21.0,34.75,165.47619047619048
136702,227.721427213,119,985,423400,30.0,34.75,115.83333333333333
136703,227.721427213,119,985,424400,40.0,34.75,86.875
136704,227.721427213,119,985,425200,40.0,34.75,86.875
136705,227.721427213,119,985,425400,49.0,34.75,70.91836734693878
