speed,fuel_use,n_readings,speed_sq
10.0,19.684142534723613,2516,100.0
11.0,17.66344734714328,2696,121.0
12.0,18.41728549212048,2811,144.0
13.0,16.782284287270972,2949,169.0
14.0,15.566124688045264,3152,196.0
15.0,15.868439166525825,3205,225.0
16.0,14.450312357627437,3378,256.0
17.0,14.920328549641425,3540,289.0
18.0,14.482670365770755,3732,324.0
19.0,13.70196558972844,3802,361.0
20.0,14.213476652898438,4186,400.0
21.0,14.061919290529138,4114,441.0
22.0,13.58765018285528,4287,484.0
23.0,12.563473169105176,4369,529.0
24.0,12.45999522661007,4504,576.0
25.0,12.04890211207339,4667,625.0
26.0,11.718803454271178,4793,676.0
27.0,11.33929042566418,5049,729.0
28.0,11.17725228652425,5307,784.0
29.0,10.384818633316197,5332,841.0
30.0,10.322242625105101,5671,900.0
31.0,9.933829161515584,5505,961.0
32.0,9.501377461368552,5788,1024.0
33.0,9.329391778573486,5963,1089.0
34.0,8.86971728087827,6190,1156.0
35.0,8.685288536595802,6425,1225.0
36.0,8.515697280367032,6470,1296.0
37.0,7.906025080660211,6619,1369.0
38.0,8.078617807323209,6616,1444.0
39.0,7.630881794561657,7105,1521.0
40.0,7.324937162283189,6887,1600.0
41.0,7.03065654045195,7163,1681.0
42.0,7.1498058224610626,6860,1764.0
43.0,7.006140554825138,6895,1849.0
44.0,6.7455583754393516,6527,1936.0
45.0,6.6420267697685915,6235,2025.0
46.0,6.984535262330911,5944,2116.0
47.0,6.688808969734277,5790,2209.0
48.0,6.365307586594642,5586,2304.0
49.0,6.2258719665129725,5620,2401.0
50.0,6.17832748650773,5522,2500.0
51.0,6.09729382979955,5160,2601.0
52.0,6.081267524878217,5065,2704.0
53.0,5.848627394298121,5138,2809.0
54.0,5.84056138527176,5340,2916.0
55.0,5.724479045220964,5233,3025.0
56.0,5.368098339292411,5204,3136.0
57.0,5.443733587646865,5285,3249.0
58.0,5.388593618093827,5094,3364.0
59.0,5.282216079444148,5136,3481.0
60.0,5.269396840417341,4869,3600.0
61.0,5.3158456788439485,4666,3721.0
62.0,5.299143481893902,4507,3844.0
63.0,5.276675544289615,3979,3969.0
64.0,5.37262055674101,4173,4096.0
65.0,5.389285088841222,3825,4225.0
66.0,5.354426613334607,3574,4356.0
67.0,5.2240719523525,3231,4489.0
68.0,5.292671673372643,2723,4624.0
69.0,5.334161649231324,2398,4761.0
70.0,5.450806406422172,2205,4900.0
71.0,5.488276890462397,1853,5041.0
72.0,5.47550060631725,1569,5184.0
73.0,5.489002436764501,1420,5329.0
74.0,5.601647053352827,1185,5476.0
75.0,5.505814399451279,1113,5625.0
76.0,5.484715688746059,875,5776.0
77.0,5.462342511070515,712,5929.0
78.0,5.2772062517798135,567,6084.0
79.0,5.487300413920818,506,6241.0
80.0,4.937040754010451,403,6400.0
81.0,5.425258005881031,367,6561.0
82.0,6.014957256247864,227,6724.0
83.0,5.282230118287173,175,6889.0
84.0,5.8156089888874,120,7056.0
85.0,5.2569751837425525,117,7225.0
